customer_id,customer_code,customer_name,segment,region_id
1,C00001,Customer 00001,B2B,2
2,C00002,Customer 00002,B2C,2
3,C00003,Customer 00003,B2B,3
4,C00004,Customer 00004,B2C,2
5,C00005,Customer 00005,B2C,1
6,C00006,Customer 00006,B2B,1
7,C00007,Customer 00007,B2B,2
8,C00008,Customer 00008,B2B,1
9,C00009,Customer 00009,B2C,1
10,C00010,Customer 00010,B2C,1
11,C00011,Customer 00011,B2C,2
12,C00012,Customer 00012,B2B,3
13,C00013,Customer 00013,B2C,2
14,C00014,Customer 00014,B2B,1
15,C00015,Customer 00015,B2C,1
16,C00016,Customer 00016,B2C,1
17,C00017,Customer 00017,B2C,1
18,C00018,Customer 00018,B2C,2
19,C00019,Customer 00019,B2B,2
20,C00020,Customer 00020,B2C,1
21,C00021,Customer 00021,B2B,1
22,C00022,Customer 00022,B2C,1
23,C00023,Customer 00023,B2B,3
24,C00024,Customer 00024,B2B,2
25,C00025,Customer 00025,B2B,1
26,C00026,Customer 00026,B2C,3
27,C00027,Customer 00027,B2C,1
28,C00028,Customer 00028,B2C,1
29,C00029,Customer 00029,B2C,3
30,C00030,Customer 00030,B2C,1
31,C00031,Customer 00031,B2C,1
32,C00032,Customer 00032,B2B,2
33,C00033,Customer 00033,B2C,1
34,C00034,Customer 00034,B2C,2
35,C00035,Customer 00035,B2C,1
36,C00036,Customer 00036,B2C,1
37,C00037,Customer 00037,B2C,1
38,C00038,Customer 00038,B2C,1
39,C00039,Customer 00039,B2C,1
40,C00040,Customer 00040,B2C,1
41,C00041,Customer 00041,B2C,3
42,C00042,Customer 00042,B2B,1
43,C00043,Customer 00043,B2C,1
44,C00044,Customer 00044,B2C,1
45,C00045,Customer 00045,B2B,1
46,C00046,Customer 00046,B2B,1
47,C00047,Customer 00047,B2C,2
48,C00048,Customer 00048,B2C,1
49,C00049,Customer 00049,B2C,3
50,C00050,Customer 00050,B2C,3
51,C00051,Customer 00051,B2C,1
52,C00052,Customer 00052,B2C,1
53,C00053,Customer 00053,B2B,1
54,C00054,Customer 00054,B2C,2
55,C00055,Customer 00055,B2C,1
56,C00056,Customer 00056,B2B,3
57,C00057,Customer 00057,B2C,2
58,C00058,Customer 00058,B2C,3
59,C00059,Customer 00059,B2C,1
60,C00060,Customer 00060,B2C,3
61,C00061,Customer 00061,B2C,1
62,C00062,Customer 00062,B2C,1
63,C00063,Customer 00063,B2C,1
64,C00064,Customer 00064,B2B,3
65,C00065,Customer 00065,B2C,2
66,C00066,Customer 00066,B2C,3
67,C00067,Customer 00067,B2C,1
68,C00068,Customer 00068,B2C,3
69,C00069,Customer 00069,B2C,1
70,C00070,Customer 00070,B2C,1
71,C00071,Customer 00071,B2C,3
72,C00072,Customer 00072,B2C,1
73,C00073,Customer 00073,B2B,1
74,C00074,Customer 00074,B2C,2
75,C00075,Customer 00075,B2C,1
76,C00076,Customer 00076,B2C,1
77,C00077,Customer 00077,B2C,1
78,C00078,Customer 00078,B2C,1
79,C00079,Customer 00079,B2C,3
80,C00080,Customer 00080,B2B,2
81,C00081,Customer 00081,B2C,1
82,C00082,Customer 00082,B2C,1
83,C00083,Customer 00083,B2B,1
84,C00084,Customer 00084,B2C,2
85,C00085,Customer 00085,B2C,3
86,C00086,Customer 00086,B2C,3
87,C00087,Customer 00087,B2C,1
88,C00088,Customer 00088,B2C,1
89,C00089,Customer 00089,B2C,1
90,C00090,Customer 00090,B2C,2
91,C00091,Customer 00091,B2C,1
92,C00092,Customer 00092,B2C,2
93,C00093,Customer 00093,B2C,2
94,C00094,Customer 00094,B2C,1
95,C00095,Customer 00095,B2C,1
96,C00096,Customer 00096,B2C,1
97,C00097,Customer 00097,B2C,1
98,C00098,Customer 00098,B2C,1
99,C00099,Customer 00099,B2C,2
100,C00100,Customer 00100,B2B,1
101,C00101,Customer 00101,B2B,1
102,C00102,Customer 00102,B2C,2
103,C00103,Customer 00103,B2C,2
104,C00104,Customer 00104,B2B,1
105,C00105,Customer 00105,B2B,3
106,C00106,Customer 00106,B2C,3
107,C00107,Customer 00107,B2C,2
108,C00108,Customer 00108,B2C,2
109,C00109,Customer 00109,B2C,1
110,C00110,Customer 00110,B2B,3
111,C00111,Customer 00111,B2C,1
112,C00112,Customer 00112,B2C,3
113,C00113,Customer 00113,B2C,2
114,C00114,Customer 00114,B2C,1
115,C00115,Customer 00115,B2C,1
116,C00116,Customer 00116,B2B,2
117,C00117,Customer 00117,B2B,2
118,C00118,Customer 00118,B2C,1
119,C00119,Customer 00119,B2C,2
120,C00120,Customer 00120,B2C,3
121,C00121,Customer 00121,B2C,1
122,C00122,Customer 00122,B2C,1
123,C00123,Customer 00123,B2C,1
124,C00124,Customer 00124,B2C,2
125,C00125,Customer 00125,B2C,1
126,C00126,Customer 00126,B2C,3
127,C00127,Customer 00127,B2C,1
128,C00128,Customer 00128,B2C,2
129,C00129,Customer 00129,B2C,1
130,C00130,Customer 00130,B2C,1
131,C00131,Customer 00131,B2C,2
132,C00132,Customer 00132,B2B,1
133,C00133,Customer 00133,B2C,1
134,C00134,Customer 00134,B2C,3
135,C00135,Customer 00135,B2C,3
136,C00136,Customer 00136,B2C,3
137,C00137,Customer 00137,B2B,1
138,C00138,Customer 00138,B2C,2
139,C00139,Customer 00139,B2B,3
140,C00140,Customer 00140,B2C,1
141,C00141,Customer 00141,B2C,1
142,C00142,Customer 00142,B2C,3
143,C00143,Customer 00143,B2B,1
144,C00144,Customer 00144,B2C,2
145,C00145,Customer 00145,B2C,3
146,C00146,Customer 00146,B2C,2
147,C00147,Customer 00147,B2C,1
148,C00148,Customer 00148,B2C,1
149,C00149,Customer 00149,B2C,1
150,C00150,Customer 00150,B2C,1
151,C00151,Customer 00151,B2B,2
152,C00152,Customer 00152,B2B,3
153,C00153,Customer 00153,B2C,1
154,C00154,Customer 00154,B2C,1
155,C00155,Customer 00155,B2C,3
156,C00156,Customer 00156,B2C,1
157,C00157,Customer 00157,B2C,1
158,C00158,Customer 00158,B2C,1
159,C00159,Customer 00159,B2C,2
160,C00160,Customer 00160,B2B,1
161,C00161,Customer 00161,B2C,2
162,C00162,Customer 00162,B2B,1
163,C00163,Customer 00163,B2C,2
164,C00164,Customer 00164,B2C,1
165,C00165,Customer 00165,B2C,1
166,C00166,Customer 00166,B2C,1
167,C00167,Customer 00167,B2B,1
168,C00168,Customer 00168,B2B,1
169,C00169,Customer 00169,B2C,1
170,C00170,Customer 00170,B2B,1
171,C00171,Customer 00171,B2C,1
172,C00172,Customer 00172,B2C,3
173,C00173,Customer 00173,B2C,1
174,C00174,Customer 00174,B2B,3
175,C00175,Customer 00175,B2C,3
176,C00176,Customer 00176,B2C,1
177,C00177,Customer 00177,B2C,2
178,C00178,Customer 00178,B2B,3
179,C00179,Customer 00179,B2B,2
180,C00180,Customer 00180,B2C,1
181,C00181,Customer 00181,B2B,1
182,C00182,Customer 00182,B2B,1
183,C00183,Customer 00183,B2C,1
184,C00184,Customer 00184,B2C,3
185,C00185,Customer 00185,B2B,3
186,C00186,Customer 00186,B2C,1
187,C00187,Customer 00187,B2C,2
188,C00188,Customer 00188,B2C,1
189,C00189,Customer 00189,B2C,3
190,C00190,Customer 00190,B2C,1
191,C00191,Customer 00191,B2B,3
192,C00192,Customer 00192,B2C,3
193,C00193,Customer 00193,B2C,1
194,C00194,Customer 00194,B2B,1
195,C00195,Customer 00195,B2C,3
196,C00196,Customer 00196,B2C,1
197,C00197,Customer 00197,B2C,1
198,C00198,Customer 00198,B2B,3
199,C00199,Customer 00199,B2C,2
200,C00200,Customer 00200,B2C,1
201,C00201,Customer 00201,B2B,1
202,C00202,Customer 00202,B2B,1
203,C00203,Customer 00203,B2C,3
204,C00204,Customer 00204,B2C,1
205,C00205,Customer 00205,B2C,1
206,C00206,Customer 00206,B2C,1
207,C00207,Customer 00207,B2C,3
208,C00208,Customer 00208,B2C,1
209,C00209,Customer 00209,B2C,3
210,C00210,Customer 00210,B2C,2
211,C00211,Customer 00211,B2C,3
212,C00212,Customer 00212,B2C,3
213,C00213,Customer 00213,B2C,3
214,C00214,Customer 00214,B2B,3
215,C00215,Customer 00215,B2C,1
216,C00216,Customer 00216,B2C,2
217,C00217,Customer 00217,B2C,1
218,C00218,Customer 00218,B2C,1
219,C00219,Customer 00219,B2B,3
220,C00220,Customer 00220,B2C,3
221,C00221,Customer 00221,B2C,2
222,C00222,Customer 00222,B2C,1
223,C00223,Customer 00223,B2C,1
224,C00224,Customer 00224,B2B,1
225,C00225,Customer 00225,B2C,1
226,C00226,Customer 00226,B2B,1
227,C00227,Customer 00227,B2C,1
228,C00228,Customer 00228,B2C,1
229,C00229,Customer 00229,B2C,2
230,C00230,Customer 00230,B2C,1
231,C00231,Customer 00231,B2C,3
232,C00232,Customer 00232,B2C,2
233,C00233,Customer 00233,B2B,1
234,C00234,Customer 00234,B2C,1
235,C00235,Customer 00235,B2B,1
236,C00236,Customer 00236,B2B,3
237,C00237,Customer 00237,B2C,1
238,C00238,Customer 00238,B2B,1
239,C00239,Customer 00239,B2C,3
240,C00240,Customer 00240,B2C,3
241,C00241,Customer 00241,B2B,1
242,C00242,Customer 00242,B2B,1
243,C00243,Customer 00243,B2C,1
244,C00244,Customer 00244,B2C,1
245,C00245,Customer 00245,B2C,1
246,C00246,Customer 00246,B2B,2
247,C00247,Customer 00247,B2C,3
248,C00248,Customer 00248,B2C,1
249,C00249,Customer 00249,B2C,2
250,C00250,Customer 00250,B2C,1
251,C00251,Customer 00251,B2C,3
252,C00252,Customer 00252,B2B,2
253,C00253,Customer 00253,B2C,3
254,C00254,Customer 00254,B2C,3
255,C00255,Customer 00255,B2C,1
256,C00256,Customer 00256,B2C,1
257,C00257,Customer 00257,B2B,1
258,C00258,Customer 00258,B2C,1
259,C00259,Customer 00259,B2C,3
260,C00260,Customer 00260,B2C,1
261,C00261,Customer 00261,B2C,2
262,C00262,Customer 00262,B2B,1
263,C00263,Customer 00263,B2C,1
264,C00264,Customer 00264,B2C,1
265,C00265,Customer 00265,B2B,2
266,C00266,Customer 00266,B2C,2
267,C00267,Customer 00267,B2C,1
268,C00268,Customer 00268,B2C,1
269,C00269,Customer 00269,B2C,2
270,C00270,Customer 00270,B2C,1
271,C00271,Customer 00271,B2C,3
272,C00272,Customer 00272,B2C,1
273,C00273,Customer 00273,B2C,1
274,C00274,Customer 00274,B2C,1
275,C00275,Customer 00275,B2C,1
276,C00276,Customer 00276,B2C,1
277,C00277,Customer 00277,B2C,1
278,C00278,Customer 00278,B2C,3
279,C00279,Customer 00279,B2B,1
280,C00280,Customer 00280,B2B,1
281,C00281,Customer 00281,B2C,1
282,C00282,Customer 00282,B2C,1
283,C00283,Customer 00283,B2C,2
284,C00284,Customer 00284,B2C,1
285,C00285,Customer 00285,B2C,2
286,C00286,Customer 00286,B2C,1
287,C00287,Customer 00287,B2C,3
288,C00288,Customer 00288,B2C,1
289,C00289,Customer 00289,B2C,3
290,C00290,Customer 00290,B2C,1
291,C00291,Customer 00291,B2B,1
292,C00292,Customer 00292,B2C,3
293,C00293,Customer 00293,B2B,2
294,C00294,Customer 00294,B2C,2
295,C00295,Customer 00295,B2B,1
296,C00296,Customer 00296,B2B,2
297,C00297,Customer 00297,B2B,3
298,C00298,Customer 00298,B2B,2
299,C00299,Customer 00299,B2B,1
300,C00300,Customer 00300,B2C,2
301,C00301,Customer 00301,B2B,2
302,C00302,Customer 00302,B2C,3
303,C00303,Customer 00303,B2C,1
304,C00304,Customer 00304,B2C,1
305,C00305,Customer 00305,B2B,3
306,C00306,Customer 00306,B2C,1
307,C00307,Customer 00307,B2C,2
308,C00308,Customer 00308,B2C,1
309,C00309,Customer 00309,B2C,1
310,C00310,Customer 00310,B2C,2
311,C00311,Customer 00311,B2C,1
312,C00312,Customer 00312,B2C,1
313,C00313,Customer 00313,B2C,2
314,C00314,Customer 00314,B2C,2
315,C00315,Customer 00315,B2C,3
316,C00316,Customer 00316,B2C,1
317,C00317,Customer 00317,B2C,1
318,C00318,Customer 00318,B2C,3
319,C00319,Customer 00319,B2C,1
320,C00320,Customer 00320,B2B,1
321,C00321,Customer 00321,B2B,1
322,C00322,Customer 00322,B2C,1
323,C00323,Customer 00323,B2C,3
324,C00324,Customer 00324,B2C,2
325,C00325,Customer 00325,B2B,2
326,C00326,Customer 00326,B2C,1
327,C00327,Customer 00327,B2B,1
328,C00328,Customer 00328,B2C,1
329,C00329,Customer 00329,B2C,1
330,C00330,Customer 00330,B2C,1
331,C00331,Customer 00331,B2C,1
332,C00332,Customer 00332,B2C,1
333,C00333,Customer 00333,B2C,2
334,C00334,Customer 00334,B2B,2
335,C00335,Customer 00335,B2C,1
336,C00336,Customer 00336,B2C,1
337,C00337,Customer 00337,B2C,2
338,C00338,Customer 00338,B2C,2
339,C00339,Customer 00339,B2C,3
340,C00340,Customer 00340,B2B,1
341,C00341,Customer 00341,B2C,3
342,C00342,Customer 00342,B2B,1
343,C00343,Customer 00343,B2B,1
344,C00344,Customer 00344,B2C,1
345,C00345,Customer 00345,B2B,1
346,C00346,Customer 00346,B2B,1
347,C00347,Customer 00347,B2B,1
348,C00348,Customer 00348,B2C,2
349,C00349,Customer 00349,B2C,1
350,C00350,Customer 00350,B2C,1
351,C00351,Customer 00351,B2C,1
352,C00352,Customer 00352,B2C,1
353,C00353,Customer 00353,B2C,1
354,C00354,Customer 00354,B2C,1
355,C00355,Customer 00355,B2C,1
356,C00356,Customer 00356,B2C,2
357,C00357,Customer 00357,B2B,3
358,C00358,Customer 00358,B2B,1
359,C00359,Customer 00359,B2C,2
360,C00360,Customer 00360,B2C,3
361,C00361,Customer 00361,B2B,3
362,C00362,Customer 00362,B2C,2
363,C00363,Customer 00363,B2C,3
364,C00364,Customer 00364,B2C,3
365,C00365,Customer 00365,B2C,2
366,C00366,Customer 00366,B2C,1
367,C00367,Customer 00367,B2B,1
368,C00368,Customer 00368,B2C,1
369,C00369,Customer 00369,B2C,1
370,C00370,Customer 00370,B2B,1
371,C00371,Customer 00371,B2B,1
372,C00372,Customer 00372,B2C,2
373,C00373,Customer 00373,B2C,2
374,C00374,Customer 00374,B2C,3
375,C00375,Customer 00375,B2C,1
376,C00376,Customer 00376,B2C,1
377,C00377,Customer 00377,B2B,2
378,C00378,Customer 00378,B2C,3
379,C00379,Customer 00379,B2C,3
380,C00380,Customer 00380,B2C,3
381,C00381,Customer 00381,B2C,3
382,C00382,Customer 00382,B2B,1
383,C00383,Customer 00383,B2B,1
384,C00384,Customer 00384,B2C,1
385,C00385,Customer 00385,B2C,2
386,C00386,Customer 00386,B2B,3
387,C00387,Customer 00387,B2C,1
388,C00388,Customer 00388,B2B,2
389,C00389,Customer 00389,B2C,1
390,C00390,Customer 00390,B2B,1
391,C00391,Customer 00391,B2C,1
392,C00392,Customer 00392,B2C,1
393,C00393,Customer 00393,B2C,3
394,C00394,Customer 00394,B2C,1
395,C00395,Customer 00395,B2C,3
396,C00396,Customer 00396,B2C,2
397,C00397,Customer 00397,B2B,1
398,C00398,Customer 00398,B2C,1
399,C00399,Customer 00399,B2C,3
400,C00400,Customer 00400,B2C,1
401,C00401,Customer 00401,B2C,3
402,C00402,Customer 00402,B2B,1
403,C00403,Customer 00403,B2B,2
404,C00404,Customer 00404,B2C,3
405,C00405,Customer 00405,B2B,1
406,C00406,Customer 00406,B2B,1
407,C00407,Customer 00407,B2C,3
408,C00408,Customer 00408,B2B,1
409,C00409,Customer 00409,B2C,1
410,C00410,Customer 00410,B2B,1
411,C00411,Customer 00411,B2C,1
412,C00412,Customer 00412,B2C,2
413,C00413,Customer 00413,B2C,2
414,C00414,Customer 00414,B2B,1
415,C00415,Customer 00415,B2C,3
416,C00416,Customer 00416,B2C,1
417,C00417,Customer 00417,B2C,1
418,C00418,Customer 00418,B2B,2
419,C00419,Customer 00419,B2C,3
420,C00420,Customer 00420,B2B,1
421,C00421,Customer 00421,B2C,1
422,C00422,Customer 00422,B2C,1
423,C00423,Customer 00423,B2C,3
424,C00424,Customer 00424,B2C,1
425,C00425,Customer 00425,B2C,1
426,C00426,Customer 00426,B2B,2
427,C00427,Customer 00427,B2C,1
428,C00428,Customer 00428,B2B,1
429,C00429,Customer 00429,B2C,1
430,C00430,Customer 00430,B2B,1
431,C00431,Customer 00431,B2B,1
432,C00432,Customer 00432,B2B,3
433,C00433,Customer 00433,B2C,2
434,C00434,Customer 00434,B2B,2
435,C00435,Customer 00435,B2C,3
436,C00436,Customer 00436,B2C,1
437,C00437,Customer 00437,B2C,1
438,C00438,Customer 00438,B2C,3
439,C00439,Customer 00439,B2C,1
440,C00440,Customer 00440,B2C,2
441,C00441,Customer 00441,B2B,2
442,C00442,Customer 00442,B2C,1
443,C00443,Customer 00443,B2C,1
444,C00444,Customer 00444,B2C,1
445,C00445,Customer 00445,B2C,1
446,C00446,Customer 00446,B2C,1
447,C00447,Customer 00447,B2B,1
448,C00448,Customer 00448,B2C,2
449,C00449,Customer 00449,B2C,3
450,C00450,Customer 00450,B2C,3
451,C00451,Customer 00451,B2C,1
452,C00452,Customer 00452,B2B,1
453,C00453,Customer 00453,B2C,1
454,C00454,Customer 00454,B2C,1
455,C00455,Customer 00455,B2C,3
456,C00456,Customer 00456,B2C,1
457,C00457,Customer 00457,B2B,1
458,C00458,Customer 00458,B2C,3
459,C00459,Customer 00459,B2B,1
460,C00460,Customer 00460,B2C,1
461,C00461,Customer 00461,B2C,1
462,C00462,Customer 00462,B2C,2
463,C00463,Customer 00463,B2B,2
464,C00464,Customer 00464,B2C,1
465,C00465,Customer 00465,B2C,3
466,C00466,Customer 00466,B2C,3
467,C00467,Customer 00467,B2C,3
468,C00468,Customer 00468,B2B,1
469,C00469,Customer 00469,B2C,1
470,C00470,Customer 00470,B2C,3
471,C00471,Customer 00471,B2C,1
472,C00472,Customer 00472,B2C,2
473,C00473,Customer 00473,B2C,2
474,C00474,Customer 00474,B2C,1
475,C00475,Customer 00475,B2C,2
476,C00476,Customer 00476,B2C,3
477,C00477,Customer 00477,B2C,2
478,C00478,Customer 00478,B2C,1
479,C00479,Customer 00479,B2C,3
480,C00480,Customer 00480,B2C,1
481,C00481,Customer 00481,B2C,2
482,C00482,Customer 00482,B2C,3
483,C00483,Customer 00483,B2C,2
484,C00484,Customer 00484,B2C,1
485,C00485,Customer 00485,B2C,1
486,C00486,Customer 00486,B2C,1
487,C00487,Customer 00487,B2C,1
488,C00488,Customer 00488,B2C,1
489,C00489,Customer 00489,B2C,2
490,C00490,Customer 00490,B2C,1
491,C00491,Customer 00491,B2C,2
492,C00492,Customer 00492,B2C,3
493,C00493,Customer 00493,B2C,1
494,C00494,Customer 00494,B2C,2
495,C00495,Customer 00495,B2B,2
496,C00496,Customer 00496,B2C,1
497,C00497,Customer 00497,B2C,1
498,C00498,Customer 00498,B2C,2
499,C00499,Customer 00499,B2C,3
500,C00500,Customer 00500,B2C,2
501,C00501,Customer 00501,B2C,3
502,C00502,Customer 00502,B2B,3
503,C00503,Customer 00503,B2B,1
504,C00504,Customer 00504,B2C,2
505,C00505,Customer 00505,B2C,1
506,C00506,Customer 00506,B2B,3
507,C00507,Customer 00507,B2C,1
508,C00508,Customer 00508,B2B,1
509,C00509,Customer 00509,B2C,3
510,C00510,Customer 00510,B2C,1
511,C00511,Customer 00511,B2C,2
512,C00512,Customer 00512,B2B,1
513,C00513,Customer 00513,B2C,3
514,C00514,Customer 00514,B2C,3
515,C00515,Customer 00515,B2C,1
516,C00516,Customer 00516,B2C,2
517,C00517,Customer 00517,B2C,1
518,C00518,Customer 00518,B2C,2
519,C00519,Customer 00519,B2C,2
520,C00520,Customer 00520,B2B,3
521,C00521,Customer 00521,B2B,1
522,C00522,Customer 00522,B2C,1
523,C00523,Customer 00523,B2C,2
524,C00524,Customer 00524,B2C,2
525,C00525,Customer 00525,B2C,1
526,C00526,Customer 00526,B2C,1
527,C00527,Customer 00527,B2B,1
528,C00528,Customer 00528,B2B,3
529,C00529,Customer 00529,B2B,1
530,C00530,Customer 00530,B2C,1
531,C00531,Customer 00531,B2C,3
532,C00532,Customer 00532,B2C,1
533,C00533,Customer 00533,B2C,2
534,C00534,Customer 00534,B2C,1
535,C00535,Customer 00535,B2C,3
536,C00536,Customer 00536,B2C,2
537,C00537,Customer 00537,B2C,3
538,C00538,Customer 00538,B2C,1
539,C00539,Customer 00539,B2C,1
540,C00540,Customer 00540,B2B,2
541,C00541,Customer 00541,B2B,1
542,C00542,Customer 00542,B2C,1
543,C00543,Customer 00543,B2B,1
544,C00544,Customer 00544,B2B,3
545,C00545,Customer 00545,B2C,2
546,C00546,Customer 00546,B2C,2
547,C00547,Customer 00547,B2C,2
548,C00548,Customer 00548,B2C,1
549,C00549,Customer 00549,B2B,1
550,C00550,Customer 00550,B2C,1
551,C00551,Customer 00551,B2C,2
552,C00552,Customer 00552,B2C,1
553,C00553,Customer 00553,B2C,3
554,C00554,Customer 00554,B2B,3
555,C00555,Customer 00555,B2C,1
556,C00556,Customer 00556,B2C,2
557,C00557,Customer 00557,B2C,1
558,C00558,Customer 00558,B2C,3
559,C00559,Customer 00559,B2C,3
560,C00560,Customer 00560,B2C,3
561,C00561,Customer 00561,B2C,1
562,C00562,Customer 00562,B2C,1
563,C00563,Customer 00563,B2B,1
564,C00564,Customer 00564,B2C,1
565,C00565,Customer 00565,B2C,1
566,C00566,Customer 00566,B2C,1
567,C00567,Customer 00567,B2B,3
568,C00568,Customer 00568,B2C,1
569,C00569,Customer 00569,B2C,1
570,C00570,Customer 00570,B2C,3
571,C00571,Customer 00571,B2C,2
572,C00572,Customer 00572,B2B,2
573,C00573,Customer 00573,B2C,2
574,C00574,Customer 00574,B2B,3
575,C00575,Customer 00575,B2B,2
576,C00576,Customer 00576,B2C,1
577,C00577,Customer 00577,B2B,2
578,C00578,Customer 00578,B2C,1
579,C00579,Customer 00579,B2B,1
580,C00580,Customer 00580,B2C,1
581,C00581,Customer 00581,B2C,1
582,C00582,Customer 00582,B2C,2
583,C00583,Customer 00583,B2C,1
584,C00584,Customer 00584,B2C,1
585,C00585,Customer 00585,B2B,1
586,C00586,Customer 00586,B2C,3
587,C00587,Customer 00587,B2C,1
588,C00588,Customer 00588,B2C,2
589,C00589,Customer 00589,B2C,3
590,C00590,Customer 00590,B2C,1
591,C00591,Customer 00591,B2B,2
592,C00592,Customer 00592,B2C,1
593,C00593,Customer 00593,B2C,1
594,C00594,Customer 00594,B2C,2
595,C00595,Customer 00595,B2C,3
596,C00596,Customer 00596,B2C,1
597,C00597,Customer 00597,B2C,2
598,C00598,Customer 00598,B2C,1
599,C00599,Customer 00599,B2B,2
600,C00600,Customer 00600,B2C,2
601,C00601,Customer 00601,B2C,2
602,C00602,Customer 00602,B2B,2
603,C00603,Customer 00603,B2B,1
604,C00604,Customer 00604,B2C,2
605,C00605,Customer 00605,B2B,2
606,C00606,Customer 00606,B2B,2
607,C00607,Customer 00607,B2B,1
608,C00608,Customer 00608,B2C,1
609,C00609,Customer 00609,B2C,1
610,C00610,Customer 00610,B2C,1
611,C00611,Customer 00611,B2C,1
612,C00612,Customer 00612,B2C,1
613,C00613,Customer 00613,B2B,2
614,C00614,Customer 00614,B2B,1
615,C00615,Customer 00615,B2C,3
616,C00616,Customer 00616,B2C,1
617,C00617,Customer 00617,B2C,2
618,C00618,Customer 00618,B2C,1
619,C00619,Customer 00619,B2C,1
620,C00620,Customer 00620,B2C,2
621,C00621,Customer 00621,B2B,3
622,C00622,Customer 00622,B2C,1
623,C00623,Customer 00623,B2B,1
624,C00624,Customer 00624,B2C,2
625,C00625,Customer 00625,B2B,2
626,C00626,Customer 00626,B2C,1
627,C00627,Customer 00627,B2B,1
628,C00628,Customer 00628,B2C,1
629,C00629,Customer 00629,B2C,3
630,C00630,Customer 00630,B2B,1
631,C00631,Customer 00631,B2B,1
632,C00632,Customer 00632,B2B,3
633,C00633,Customer 00633,B2C,1
634,C00634,Customer 00634,B2C,1
635,C00635,Customer 00635,B2C,1
636,C00636,Customer 00636,B2C,1
637,C00637,Customer 00637,B2C,1
638,C00638,Customer 00638,B2C,1
639,C00639,Customer 00639,B2B,2
640,C00640,Customer 00640,B2B,2
641,C00641,Customer 00641,B2C,1
642,C00642,Customer 00642,B2B,2
643,C00643,Customer 00643,B2C,1
644,C00644,Customer 00644,B2C,3
645,C00645,Customer 00645,B2C,1
646,C00646,Customer 00646,B2B,2
647,C00647,Customer 00647,B2C,1
648,C00648,Customer 00648,B2C,2
649,C00649,Customer 00649,B2C,1
650,C00650,Customer 00650,B2C,2
651,C00651,Customer 00651,B2C,1
652,C00652,Customer 00652,B2B,3
653,C00653,Customer 00653,B2C,1
654,C00654,Customer 00654,B2C,2
655,C00655,Customer 00655,B2B,3
656,C00656,Customer 00656,B2C,3
657,C00657,Customer 00657,B2B,1
658,C00658,Customer 00658,B2C,1
659,C00659,Customer 00659,B2C,1
660,C00660,Customer 00660,B2C,1
661,C00661,Customer 00661,B2C,2
662,C00662,Customer 00662,B2B,3
663,C00663,Customer 00663,B2C,3
664,C00664,Customer 00664,B2C,1
665,C00665,Customer 00665,B2C,2
666,C00666,Customer 00666,B2C,3
667,C00667,Customer 00667,B2B,3
668,C00668,Customer 00668,B2B,1
669,C00669,Customer 00669,B2C,1
670,C00670,Customer 00670,B2C,3
671,C00671,Customer 00671,B2C,1
672,C00672,Customer 00672,B2C,1
673,C00673,Customer 00673,B2B,3
674,C00674,Customer 00674,B2C,3
675,C00675,Customer 00675,B2C,3
676,C00676,Customer 00676,B2C,2
677,C00677,Customer 00677,B2B,1
678,C00678,Customer 00678,B2C,1
679,C00679,Customer 00679,B2C,1
680,C00680,Customer 00680,B2C,2
681,C00681,Customer 00681,B2C,1
682,C00682,Customer 00682,B2C,2
683,C00683,Customer 00683,B2C,1
684,C00684,Customer 00684,B2C,2
685,C00685,Customer 00685,B2C,1
686,C00686,Customer 00686,B2C,1
687,C00687,Customer 00687,B2C,1
688,C00688,Customer 00688,B2B,1
689,C00689,Customer 00689,B2B,3
690,C00690,Customer 00690,B2C,1
691,C00691,Customer 00691,B2C,1
692,C00692,Customer 00692,B2B,2
693,C00693,Customer 00693,B2C,2
694,C00694,Customer 00694,B2C,1
695,C00695,Customer 00695,B2B,1
696,C00696,Customer 00696,B2C,1
697,C00697,Customer 00697,B2C,2
698,C00698,Customer 00698,B2C,1
699,C00699,Customer 00699,B2C,1
700,C00700,Customer 00700,B2C,1
701,C00701,Customer 00701,B2C,2
702,C00702,Customer 00702,B2C,1
703,C00703,Customer 00703,B2C,3
704,C00704,Customer 00704,B2B,1
705,C00705,Customer 00705,B2C,2
706,C00706,Customer 00706,B2C,1
707,C00707,Customer 00707,B2B,1
708,C00708,Customer 00708,B2B,1
709,C00709,Customer 00709,B2C,3
710,C00710,Customer 00710,B2C,3
711,C00711,Customer 00711,B2B,1
712,C00712,Customer 00712,B2C,1
713,C00713,Customer 00713,B2B,3
714,C00714,Customer 00714,B2B,1
715,C00715,Customer 00715,B2B,1
716,C00716,Customer 00716,B2C,1
717,C00717,Customer 00717,B2C,2
718,C00718,Customer 00718,B2C,2
719,C00719,Customer 00719,B2C,2
720,C00720,Customer 00720,B2B,3
721,C00721,Customer 00721,B2C,1
722,C00722,Customer 00722,B2C,1
723,C00723,Customer 00723,B2C,1
724,C00724,Customer 00724,B2B,1
725,C00725,Customer 00725,B2C,1
726,C00726,Customer 00726,B2C,1
727,C00727,Customer 00727,B2C,1
728,C00728,Customer 00728,B2C,2
729,C00729,Customer 00729,B2C,1
730,C00730,Customer 00730,B2C,1
731,C00731,Customer 00731,B2C,2
732,C00732,Customer 00732,B2C,2
733,C00733,Customer 00733,B2C,2
734,C00734,Customer 00734,B2C,3
735,C00735,Customer 00735,B2C,2
736,C00736,Customer 00736,B2C,1
737,C00737,Customer 00737,B2C,1
738,C00738,Customer 00738,B2C,2
739,C00739,Customer 00739,B2C,1
740,C00740,Customer 00740,B2C,1
741,C00741,Customer 00741,B2C,1
742,C00742,Customer 00742,B2C,1
743,C00743,Customer 00743,B2B,1
744,C00744,Customer 00744,B2C,1
745,C00745,Customer 00745,B2C,3
746,C00746,Customer 00746,B2C,3
747,C00747,Customer 00747,B2C,1
748,C00748,Customer 00748,B2C,3
749,C00749,Customer 00749,B2B,1
750,C00750,Customer 00750,B2B,3
751,C00751,Customer 00751,B2C,3
752,C00752,Customer 00752,B2C,1
753,C00753,Customer 00753,B2C,2
754,C00754,Customer 00754,B2C,3
755,C00755,Customer 00755,B2C,3
756,C00756,Customer 00756,B2C,3
757,C00757,Customer 00757,B2C,2
758,C00758,Customer 00758,B2B,1
759,C00759,Customer 00759,B2C,3
760,C00760,Customer 00760,B2C,2
761,C00761,Customer 00761,B2C,2
762,C00762,Customer 00762,B2C,1
763,C00763,Customer 00763,B2C,2
764,C00764,Customer 00764,B2C,1
765,C00765,Customer 00765,B2B,2
766,C00766,Customer 00766,B2C,1
767,C00767,Customer 00767,B2C,2
768,C00768,Customer 00768,B2C,3
769,C00769,Customer 00769,B2C,1
770,C00770,Customer 00770,B2C,1
771,C00771,Customer 00771,B2C,1
772,C00772,Customer 00772,B2C,3
773,C00773,Customer 00773,B2C,2
774,C00774,Customer 00774,B2B,1
775,C00775,Customer 00775,B2C,1
776,C00776,Customer 00776,B2B,1
777,C00777,Customer 00777,B2C,1
778,C00778,Customer 00778,B2C,3
779,C00779,Customer 00779,B2B,2
780,C00780,Customer 00780,B2B,1
781,C00781,Customer 00781,B2C,3
782,C00782,Customer 00782,B2B,1
783,C00783,Customer 00783,B2C,3
784,C00784,Customer 00784,B2C,1
785,C00785,Customer 00785,B2B,2
786,C00786,Customer 00786,B2C,3
787,C00787,Customer 00787,B2B,1
788,C00788,Customer 00788,B2C,2
789,C00789,Customer 00789,B2B,3
790,C00790,Customer 00790,B2C,1
791,C00791,Customer 00791,B2C,1
792,C00792,Customer 00792,B2C,2
793,C00793,Customer 00793,B2C,1
794,C00794,Customer 00794,B2C,1
795,C00795,Customer 00795,B2C,1
796,C00796,Customer 00796,B2C,2
797,C00797,Customer 00797,B2C,1
798,C00798,Customer 00798,B2C,1
799,C00799,Customer 00799,B2C,3
800,C00800,Customer 00800,B2C,1
801,C00801,Customer 00801,B2C,3
802,C00802,Customer 00802,B2C,1
803,C00803,Customer 00803,B2B,3
804,C00804,Customer 00804,B2C,2
805,C00805,Customer 00805,B2C,1
806,C00806,Customer 00806,B2C,3
807,C00807,Customer 00807,B2C,1
808,C00808,Customer 00808,B2C,1
809,C00809,Customer 00809,B2C,1
810,C00810,Customer 00810,B2B,2
811,C00811,Customer 00811,B2C,1
812,C00812,Customer 00812,B2C,1
813,C00813,Customer 00813,B2B,1
814,C00814,Customer 00814,B2C,1
815,C00815,Customer 00815,B2C,1
816,C00816,Customer 00816,B2B,1
817,C00817,Customer 00817,B2B,1
818,C00818,Customer 00818,B2C,1
819,C00819,Customer 00819,B2C,2
820,C00820,Customer 00820,B2C,1
821,C00821,Customer 00821,B2C,2
822,C00822,Customer 00822,B2C,1
823,C00823,Customer 00823,B2C,1
824,C00824,Customer 00824,B2C,1
825,C00825,Customer 00825,B2B,1
826,C00826,Customer 00826,B2C,1
827,C00827,Customer 00827,B2C,3
828,C00828,Customer 00828,B2C,1
829,C00829,Customer 00829,B2B,1
830,C00830,Customer 00830,B2C,2
831,C00831,Customer 00831,B2C,1
832,C00832,Customer 00832,B2C,1
833,C00833,Customer 00833,B2C,1
834,C00834,Customer 00834,B2C,1
835,C00835,Customer 00835,B2C,1
836,C00836,Customer 00836,B2C,2
837,C00837,Customer 00837,B2B,3
838,C00838,Customer 00838,B2B,1
839,C00839,Customer 00839,B2C,2
840,C00840,Customer 00840,B2C,2
841,C00841,Customer 00841,B2C,1
842,C00842,Customer 00842,B2B,2
843,C00843,Customer 00843,B2C,2
844,C00844,Customer 00844,B2C,3
845,C00845,Customer 00845,B2C,3
846,C00846,Customer 00846,B2B,1
847,C00847,Customer 00847,B2C,1
848,C00848,Customer 00848,B2C,1
849,C00849,Customer 00849,B2C,1
850,C00850,Customer 00850,B2B,1
851,C00851,Customer 00851,B2C,3
852,C00852,Customer 00852,B2C,1
853,C00853,Customer 00853,B2B,1
854,C00854,Customer 00854,B2B,3
855,C00855,Customer 00855,B2C,1
856,C00856,Customer 00856,B2C,1
857,C00857,Customer 00857,B2C,3
858,C00858,Customer 00858,B2B,1
859,C00859,Customer 00859,B2C,1
860,C00860,Customer 00860,B2C,1
861,C00861,Customer 00861,B2C,3
862,C00862,Customer 00862,B2C,1
863,C00863,Customer 00863,B2B,1
864,C00864,Customer 00864,B2C,1
865,C00865,Customer 00865,B2C,1
866,C00866,Customer 00866,B2B,3
867,C00867,Customer 00867,B2B,1
868,C00868,Customer 00868,B2B,3
869,C00869,Customer 00869,B2C,1
870,C00870,Customer 00870,B2C,1
871,C00871,Customer 00871,B2C,3
872,C00872,Customer 00872,B2C,1
873,C00873,Customer 00873,B2B,1
874,C00874,Customer 00874,B2C,3
875,C00875,Customer 00875,B2C,1
876,C00876,Customer 00876,B2B,1
877,C00877,Customer 00877,B2C,3
878,C00878,Customer 00878,B2C,1
879,C00879,Customer 00879,B2C,1
880,C00880,Customer 00880,B2C,1
881,C00881,Customer 00881,B2C,1
882,C00882,Customer 00882,B2C,1
883,C00883,Customer 00883,B2B,2
884,C00884,Customer 00884,B2C,1
885,C00885,Customer 00885,B2C,2
886,C00886,Customer 00886,B2C,1
887,C00887,Customer 00887,B2C,1
888,C00888,Customer 00888,B2C,1
889,C00889,Customer 00889,B2C,2
890,C00890,Customer 00890,B2C,1
891,C00891,Customer 00891,B2C,1
892,C00892,Customer 00892,B2B,3
893,C00893,Customer 00893,B2C,2
894,C00894,Customer 00894,B2C,1
895,C00895,Customer 00895,B2B,3
896,C00896,Customer 00896,B2B,1
897,C00897,Customer 00897,B2C,1
898,C00898,Customer 00898,B2C,1
899,C00899,Customer 00899,B2C,1
900,C00900,Customer 00900,B2C,1
901,C00901,Customer 00901,B2C,2
902,C00902,Customer 00902,B2C,1
903,C00903,Customer 00903,B2C,3
904,C00904,Customer 00904,B2C,3
905,C00905,Customer 00905,B2B,2
906,C00906,Customer 00906,B2C,2
907,C00907,Customer 00907,B2C,2
908,C00908,Customer 00908,B2C,3
909,C00909,Customer 00909,B2C,1
910,C00910,Customer 00910,B2C,1
911,C00911,Customer 00911,B2B,1
912,C00912,Customer 00912,B2B,1
913,C00913,Customer 00913,B2B,1
914,C00914,Customer 00914,B2B,2
915,C00915,Customer 00915,B2B,1
916,C00916,Customer 00916,B2B,3
917,C00917,Customer 00917,B2C,1
918,C00918,Customer 00918,B2C,1
919,C00919,Customer 00919,B2C,1
920,C00920,Customer 00920,B2C,1
921,C00921,Customer 00921,B2C,1
922,C00922,Customer 00922,B2B,1
923,C00923,Customer 00923,B2C,1
924,C00924,Customer 00924,B2C,1
925,C00925,Customer 00925,B2C,1
926,C00926,Customer 00926,B2C,1
927,C00927,Customer 00927,B2C,1
928,C00928,Customer 00928,B2B,1
929,C00929,Customer 00929,B2C,1
930,C00930,Customer 00930,B2C,1
931,C00931,Customer 00931,B2C,1
932,C00932,Customer 00932,B2C,2
933,C00933,Customer 00933,B2C,3
934,C00934,Customer 00934,B2B,3
935,C00935,Customer 00935,B2B,1
936,C00936,Customer 00936,B2C,1
937,C00937,Customer 00937,B2B,1
938,C00938,Customer 00938,B2C,2
939,C00939,Customer 00939,B2B,2
940,C00940,Customer 00940,B2C,3
941,C00941,Customer 00941,B2C,3
942,C00942,Customer 00942,B2B,1
943,C00943,Customer 00943,B2C,2
944,C00944,Customer 00944,B2C,3
945,C00945,Customer 00945,B2C,1
946,C00946,Customer 00946,B2C,3
947,C00947,Customer 00947,B2C,1
948,C00948,Customer 00948,B2B,3
949,C00949,Customer 00949,B2B,2
950,C00950,Customer 00950,B2C,1
951,C00951,Customer 00951,B2C,2
952,C00952,Customer 00952,B2C,1
953,C00953,Customer 00953,B2C,2
954,C00954,Customer 00954,B2C,2
955,C00955,Customer 00955,B2B,2
956,C00956,Customer 00956,B2B,3
957,C00957,Customer 00957,B2B,1
958,C00958,Customer 00958,B2C,1
959,C00959,Customer 00959,B2C,1
960,C00960,Customer 00960,B2C,1
961,C00961,Customer 00961,B2C,1
962,C00962,Customer 00962,B2C,1
963,C00963,Customer 00963,B2C,1
964,C00964,Customer 00964,B2C,1
965,C00965,Customer 00965,B2B,3
966,C00966,Customer 00966,B2C,1
967,C00967,Customer 00967,B2B,3
968,C00968,Customer 00968,B2C,1
969,C00969,Customer 00969,B2C,1
970,C00970,Customer 00970,B2C,1
971,C00971,Customer 00971,B2C,1
972,C00972,Customer 00972,B2C,1
973,C00973,Customer 00973,B2C,1
974,C00974,Customer 00974,B2B,1
975,C00975,Customer 00975,B2C,1
976,C00976,Customer 00976,B2C,2
977,C00977,Customer 00977,B2C,1
978,C00978,Customer 00978,B2C,3
979,C00979,Customer 00979,B2C,1
980,C00980,Customer 00980,B2C,3
981,C00981,Customer 00981,B2B,2
982,C00982,Customer 00982,B2B,3
983,C00983,Customer 00983,B2C,3
984,C00984,Customer 00984,B2C,1
985,C00985,Customer 00985,B2C,1
986,C00986,Customer 00986,B2B,1
987,C00987,Customer 00987,B2C,3
988,C00988,Customer 00988,B2C,2
989,C00989,Customer 00989,B2C,1
990,C00990,Customer 00990,B2B,3
991,C00991,Customer 00991,B2C,1
992,C00992,Customer 00992,B2B,2
993,C00993,Customer 00993,B2B,2
994,C00994,Customer 00994,B2C,1
995,C00995,Customer 00995,B2B,2
996,C00996,Customer 00996,B2C,3
997,C00997,Customer 00997,B2C,1
998,C00998,Customer 00998,B2C,1
999,C00999,Customer 00999,B2B,1
1000,C01000,Customer 01000,B2C,2
1001,C01001,Customer 01001,B2C,1
1002,C01002,Customer 01002,B2C,3
1003,C01003,Customer 01003,B2C,3
1004,C01004,Customer 01004,B2C,1
1005,C01005,Customer 01005,B2C,1
1006,C01006,Customer 01006,B2C,2
1007,C01007,Customer 01007,B2B,2
1008,C01008,Customer 01008,B2C,1
1009,C01009,Customer 01009,B2C,1
1010,C01010,Customer 01010,B2C,1
1011,C01011,Customer 01011,B2C,3
1012,C01012,Customer 01012,B2C,1
1013,C01013,Customer 01013,B2C,3
1014,C01014,Customer 01014,B2B,1
1015,C01015,Customer 01015,B2C,3
1016,C01016,Customer 01016,B2C,1
1017,C01017,Customer 01017,B2C,1
1018,C01018,Customer 01018,B2B,3
1019,C01019,Customer 01019,B2C,3
1020,C01020,Customer 01020,B2C,1
1021,C01021,Customer 01021,B2B,1
1022,C01022,Customer 01022,B2C,1
1023,C01023,Customer 01023,B2B,1
1024,C01024,Customer 01024,B2C,1
1025,C01025,Customer 01025,B2C,3
1026,C01026,Customer 01026,B2C,1
1027,C01027,Customer 01027,B2B,2
1028,C01028,Customer 01028,B2C,1
1029,C01029,Customer 01029,B2C,1
1030,C01030,Customer 01030,B2C,2
1031,C01031,Customer 01031,B2C,1
1032,C01032,Customer 01032,B2C,2
1033,C01033,Customer 01033,B2C,1
1034,C01034,Customer 01034,B2B,3
1035,C01035,Customer 01035,B2C,2
1036,C01036,Customer 01036,B2C,3
1037,C01037,Customer 01037,B2C,1
1038,C01038,Customer 01038,B2C,1
1039,C01039,Customer 01039,B2C,1
1040,C01040,Customer 01040,B2C,1
1041,C01041,Customer 01041,B2C,1
1042,C01042,Customer 01042,B2C,1
1043,C01043,Customer 01043,B2C,1
1044,C01044,Customer 01044,B2C,1
1045,C01045,Customer 01045,B2C,1
1046,C01046,Customer 01046,B2C,1
1047,C01047,Customer 01047,B2C,1
1048,C01048,Customer 01048,B2B,2
1049,C01049,Customer 01049,B2B,1
1050,C01050,Customer 01050,B2C,1
1051,C01051,Customer 01051,B2C,1
1052,C01052,Customer 01052,B2C,2
1053,C01053,Customer 01053,B2C,1
1054,C01054,Customer 01054,B2C,2
1055,C01055,Customer 01055,B2C,3
1056,C01056,Customer 01056,B2C,1
1057,C01057,Customer 01057,B2B,3
1058,C01058,Customer 01058,B2C,2
1059,C01059,Customer 01059,B2C,1
1060,C01060,Customer 01060,B2C,1
1061,C01061,Customer 01061,B2B,2
1062,C01062,Customer 01062,B2C,3
1063,C01063,Customer 01063,B2C,1
1064,C01064,Customer 01064,B2C,1
1065,C01065,Customer 01065,B2C,2
1066,C01066,Customer 01066,B2B,1
1067,C01067,Customer 01067,B2C,2
1068,C01068,Customer 01068,B2C,1
1069,C01069,Customer 01069,B2C,2
1070,C01070,Customer 01070,B2C,3
1071,C01071,Customer 01071,B2B,2
1072,C01072,Customer 01072,B2C,2
1073,C01073,Customer 01073,B2C,2
1074,C01074,Customer 01074,B2B,3
1075,C01075,Customer 01075,B2B,3
1076,C01076,Customer 01076,B2C,1
1077,C01077,Customer 01077,B2C,2
1078,C01078,Customer 01078,B2C,1
1079,C01079,Customer 01079,B2C,3
1080,C01080,Customer 01080,B2C,2
1081,C01081,Customer 01081,B2C,1
1082,C01082,Customer 01082,B2B,1
1083,C01083,Customer 01083,B2B,1
1084,C01084,Customer 01084,B2B,2
1085,C01085,Customer 01085,B2B,1
1086,C01086,Customer 01086,B2C,1
1087,C01087,Customer 01087,B2B,3
1088,C01088,Customer 01088,B2B,2
1089,C01089,Customer 01089,B2C,1
1090,C01090,Customer 01090,B2C,1
1091,C01091,Customer 01091,B2C,3
1092,C01092,Customer 01092,B2C,2
1093,C01093,Customer 01093,B2C,2
1094,C01094,Customer 01094,B2C,1
1095,C01095,Customer 01095,B2C,1
1096,C01096,Customer 01096,B2C,1
1097,C01097,Customer 01097,B2C,2
1098,C01098,Customer 01098,B2B,1
1099,C01099,Customer 01099,B2B,1
1100,C01100,Customer 01100,B2C,2
1101,C01101,Customer 01101,B2C,3
1102,C01102,Customer 01102,B2C,2
1103,C01103,Customer 01103,B2B,1
1104,C01104,Customer 01104,B2B,1
1105,C01105,Customer 01105,B2C,1
1106,C01106,Customer 01106,B2B,1
1107,C01107,Customer 01107,B2C,1
1108,C01108,Customer 01108,B2C,1
1109,C01109,Customer 01109,B2B,2
1110,C01110,Customer 01110,B2C,3
1111,C01111,Customer 01111,B2C,3
1112,C01112,Customer 01112,B2C,1
1113,C01113,Customer 01113,B2C,1
1114,C01114,Customer 01114,B2B,1
1115,C01115,Customer 01115,B2B,1
1116,C01116,Customer 01116,B2C,1
1117,C01117,Customer 01117,B2C,1
1118,C01118,Customer 01118,B2B,2
1119,C01119,Customer 01119,B2C,1
1120,C01120,Customer 01120,B2B,3
1121,C01121,Customer 01121,B2C,1
1122,C01122,Customer 01122,B2C,1
1123,C01123,Customer 01123,B2B,1
1124,C01124,Customer 01124,B2C,1
1125,C01125,Customer 01125,B2C,1
1126,C01126,Customer 01126,B2C,3
1127,C01127,Customer 01127,B2C,1
1128,C01128,Customer 01128,B2C,1
1129,C01129,Customer 01129,B2C,2
1130,C01130,Customer 01130,B2B,1
1131,C01131,Customer 01131,B2B,2
1132,C01132,Customer 01132,B2C,1
1133,C01133,Customer 01133,B2C,3
1134,C01134,Customer 01134,B2C,1
1135,C01135,Customer 01135,B2B,1
1136,C01136,Customer 01136,B2C,2
1137,C01137,Customer 01137,B2C,3
1138,C01138,Customer 01138,B2C,1
1139,C01139,Customer 01139,B2C,2
1140,C01140,Customer 01140,B2C,1
1141,C01141,Customer 01141,B2C,1
1142,C01142,Customer 01142,B2B,1
1143,C01143,Customer 01143,B2B,2
1144,C01144,Customer 01144,B2B,1
1145,C01145,Customer 01145,B2C,2
1146,C01146,Customer 01146,B2C,1
1147,C01147,Customer 01147,B2C,3
1148,C01148,Customer 01148,B2B,3
1149,C01149,Customer 01149,B2C,1
1150,C01150,Customer 01150,B2B,1
1151,C01151,Customer 01151,B2C,1
1152,C01152,Customer 01152,B2B,3
1153,C01153,Customer 01153,B2C,1
1154,C01154,Customer 01154,B2C,1
1155,C01155,Customer 01155,B2C,1
1156,C01156,Customer 01156,B2C,2
1157,C01157,Customer 01157,B2C,1
1158,C01158,Customer 01158,B2C,1
1159,C01159,Customer 01159,B2C,3
1160,C01160,Customer 01160,B2B,1
1161,C01161,Customer 01161,B2C,3
1162,C01162,Customer 01162,B2C,1
1163,C01163,Customer 01163,B2B,1
1164,C01164,Customer 01164,B2C,3
1165,C01165,Customer 01165,B2C,2
1166,C01166,Customer 01166,B2B,2
1167,C01167,Customer 01167,B2B,1
1168,C01168,Customer 01168,B2C,1
1169,C01169,Customer 01169,B2B,1
1170,C01170,Customer 01170,B2C,1
1171,C01171,Customer 01171,B2C,1
1172,C01172,Customer 01172,B2C,1
1173,C01173,Customer 01173,B2C,1
1174,C01174,Customer 01174,B2B,1
1175,C01175,Customer 01175,B2C,1
1176,C01176,Customer 01176,B2B,1
1177,C01177,Customer 01177,B2C,3
1178,C01178,Customer 01178,B2C,2
1179,C01179,Customer 01179,B2C,1
1180,C01180,Customer 01180,B2C,2
1181,C01181,Customer 01181,B2B,3
1182,C01182,Customer 01182,B2C,1
1183,C01183,Customer 01183,B2C,1
1184,C01184,Customer 01184,B2C,1
1185,C01185,Customer 01185,B2C,1
1186,C01186,Customer 01186,B2B,2
1187,C01187,Customer 01187,B2C,3
1188,C01188,Customer 01188,B2B,1
1189,C01189,Customer 01189,B2C,2
1190,C01190,Customer 01190,B2C,1
1191,C01191,Customer 01191,B2C,2
1192,C01192,Customer 01192,B2C,2
1193,C01193,Customer 01193,B2B,1
1194,C01194,Customer 01194,B2B,1
1195,C01195,Customer 01195,B2B,2
1196,C01196,Customer 01196,B2C,3
1197,C01197,Customer 01197,B2C,1
1198,C01198,Customer 01198,B2C,1
1199,C01199,Customer 01199,B2C,1
1200,C01200,Customer 01200,B2C,2
